;TIPO;I;B;F;L;S;P;C;;SIGLA;SIGNIFICADO
1;1;x;x;x;x;x;o;o;;I;IMPERMEABILIZACAO
;2;x;x;x;x;x;o;o;;B;BASE SHAFT
;3;x;x;x;x;x;o;o;;F;FORRO
;4;x;x;x;x;x;o;o;;L;LIXA
;5;x;x;x;x;x;o;o;;P;PAREDE
;6;x;x;x;x;x;o;o;;C;CONTRAMARCO
2;1;x;x;x;x;x;o;o;;;
;2;x;x;x;x;x;o;o;;o;feito
;3;x;x;x;x;x;o;o;;x;nao feito
;4;x;x;x;x;x;o;o;;e;em execucao
;5;x;x;x;x;x;o;o;;;
;6;x;x;x;x;x;o;o;;;
3;1;x;x;x;x;x;o;o;;;
;2;x;x;x;x;x;o;o;;;
;3;x;x;x;x;x;o;o;;;
;4;x;x;x;x;x;o;o;;;
;5;x;x;x;x;x;o;o;;;
;6;x;x;x;x;x;o;o;;;
4;1;x;x;x;x;x;o;o;;;
;2;x;wc;x;x;x;o;o;;;
;3;x;wc,wcs;x;x;x;o;o;;;
;4;x;x;x;x;x;o;o;;;
;5;x;coz,wc,wcs;x;x;x;o;o;;;
;6;x;s;x;x;x;o;o;;;
5;1;x;o;x;o;x;o;o;;;
;2;x;o;x;o;x;o;o;;;
;3;x;o;x;o;x;o;o;;;
;4;e;wc;x;o;x;o;o;;;
;5;x;wc,wcs;x;o;x;o;o;;;
;6;x;wc,wcs;x;o;e;o;o;;;
6;1;o;o;o;o;e;o;o;;;
;2;o;o;o;o;e;o;o;;;
;3;o;o;o;o;e;o;o;;;
;4;o;o;o;o;e;o;o;;;
;5;o;o;o;o;e;o;o;;;
;6;o;o;o;o;e;o;o;;;
7;1;o;o;o;o;o;o;o;;;
;2;o;o;o;o;o;o;o;;;
;3;o;o;o;o;o;o;o;;;
;4;o;o;o;o;o;o;o;;;
;5;o;o;o;o;o;o;o;;;
;6;o;o;o;o;o;o;o;;;
8;1;o;o;o;o;o;o;o;;;
;2;o;o;o;o;o;o;o;;;
;3;o;o;o;o;o;o;o;;;
;4;o;o;o;o;o;o;o;;;
;5;o;o;o;o;o;o;o;;;
;6;o;o;o;o;o;o;o;;;
9;1;o;o;o;o;o;o;o;;;
;2;o;o;o;o;o;o;o;;;
;3;o;o;o;o;o;o;o;;;
;4;o;o;o;o;o;o;o;;;
;5;o;o;o;o;o;o;o;;;
;6;o;o;o;o;o;o;o;;;
10;1;x;x;x;x;x;o;e;;;
;2;x;x;x;x;x;o;e;;;
;3;x;x;x;x;x;o;e;;;
;4;x;x;x;x;x;o;e;;;
;5;x;x;x;x;x;o;e;;;
;6;x;x;x;x;x;o;e;;;