Apartamento;Base Shaft;Shaft Gesso;Forro;Lixar;Imperm.;Lig. Hidraulica;Pedras/Porta;Chumbar Gás;P. Porta Entrada;Parede Lavabo;Parede Lavanderia;Contra Marco;;;;;;;;;;;;;;
11;Suíte Coz;x;x;x;x;x;x;x;x;;Não tem;;;;;;;;;;;;;;;
12;Coz;x;x;x;x;x;x;x;x;;Não tem;;;;;;;;;;;;;;;
13;Coz Chur;x;x;x;x;x;x;x;x;;o;;;;;;;;;;;;;;;
14;Coz Chur;x;x;x;x;x;x;x;x;;;;;;;;;;;;;;;;;
15;Coz Chur;x;x;x;x;x;x;x;x;;o Não tem;;;;;;;;;;;;;;;
16;Coz Chur Suíte;x;x;x;x;x;x;x;x;;o;;;;;;;;;;;;;;;
21;x;x;x;x;x;x;x;x;;NA x;;o;;;;;;;;;;;;;;
22;x;x;x;x;x;x;x;x;;;;o;;;;;;;;;;;;;;
23;x;x;x;x;x;x;x;x;;;o;o;;;;;;;;;;;;;;
24;x;x;x;x;x;x;x;x;;;;o;;;;;;;;;;;;;;
25;x;x;x;x;x;x;x;x;;NA x;;o;;;;;;;;;;;;;;
26;x;x;x;x;x;x;x;x;;o;;o;;;;;;;;;;;;;;
31;x;x;x;x;x;x;x;o;;NA x;;o;;;;;;;;;;;;;;
32;x;x;x;x;x;x;x;o;;;;o;;;;;;;;;;;;;;
33;x;x;x;x;x;x;x;o;;;o;o;;;;;;;;;;;;;;
34;x;x;x;x;x;x;x;o;;;;o;;;;;;;;;;;;;;
35;x;x;x;x;x;x;x;o;;NA x;;o;;;;;;;;;;;;;;
36;x;x;x;x;x;x;x;o;;o;;o;;;;;;;;;;;;;;
41;x;x;x;x;x;x;x;o;;;;o;;;;;;;;;;;;;;
42;x;x;x;x;x;x;x;o;;;;o;;;;;;;;;;;;;;
43;x;x;x;x;x;x;x;x;;;o;o;;;;;;;;;;;;;;
44;x;x;x;x;x;x;x;x;;;;o;;;;;;;;;;;;;;
45;x;x;x;x;x;x;x;x;;;x;o;;;;;;;;;;;;;;
46;x;x;x;x;x;x;x;x;;;o;o;;;;;;;;;;;;;;
51;x;x;x;x;x;x;x;o;;;;o;;;;;;;;;;;;;;
52;x;x;x;x;x;x;x;o;;;;o;;;;;;;;;;;;;;
53;x;x;x;x;x;x;x;o;;;;o;;;;;;;;;;;;;;
54;x;x;x;x;x;x;x;o;;;;o;;;;;;;;;;;;;;
55;x;x;x;x;x;x;x;x;;;;o;;;;;;;;;;;;;;
56;x;x;x;x;x;x;x;o;;;;o;;;;;;;;;;;;;;
61;o;x;x;o;x;o;x;o;;;;o;;;;;;;;;;;;;;
62;o;o;x;o;x;o;x;o;;;;o;;;;;;;;;;;;;;
63;o;x;x;o;x;o;x;o;;;o;o;;;;;;;;;;;;;;
64;o;o;x;o;x;o;x;o;;;;o;;;;;;;;;;;;;;
65;o;x;x;o;x;o;x;o;;;;o;;;;;;;;;;;;;;
66;o;x;x;o;x;o;x;o;;;o;o;;;;;;;;;;;;;;
71;o;o;o;o;x;o;x;o;;;;o;;;;;;;;;;;;;;
72;o;o;o;o;x;o;x;o;;;;o;;;;;;;;;;;;;;
73;o;o;o;o;x;o;x;o;;;x;o;;;;;;;;;;;;;;
74;o;o;o;o;x;o;x;o;;;;o;;;;;;;;;;;;;;
75;o;o;o;o;x;o;x;o;;;;o;;;;;;;;;;;;;;
76;o;o;o;o;x;o;x;o;;;o;o;;;;;;;;;;;;;;
81;o;o;o;o;o;o;o;o;;o;;o;;;;;;;;;;;;;;
82;o;o;o;o;o;o;o;o;;;;o;;;;;;;;;;;;;;
83;o;o;o;o;o;o;o;o;;x;;o;;;;;;;;;;;;;;
84;o;o;o;o;o;o;o;o;;;;o;;;;;;;;;;;;;;
85;o;o;o;o;o;o;o;o;;;;o;;;;;;;;;;;;;;
86;o;o;o;o;o;o;o;o;;x;;o;;;;;;;;;;;;;;
91;o;o;x;o;o;o;x;o;;;;o;;;;;;;;;;;;;;
92;o;o;x;o;o;o;x;o;;;;o;;;;;;;;;;;;;;
93;o;o;x;o;o;o;x;o;;;;o;;;;;;;;;;;;;;
94;o;o;x;o;o;o;x;o;;;;o;;;;;;;;;;;;;;
95;o;o;x;o;o;o;x;o;;;;x;;;;;;;;;;;;;;
96;o;x;x;o;o;o;x;o;;;;o;;;;;;;;;;;;;;
101;o;x;x;x;x;x;-;-;;-;;x;;;;;;;;;;;;;;
102;o;x;x;x;x;x;x;-;;-;;x;;;;;;;;;;;;;;
103;o;x;x;-;-;x;x;-;;-;;o;;;;;;;;;;;;;;
104;o;x;x;-;-;x;x;-;;-;;o;;;;;;;;;;;;;;
105;o;x;x;-;x;x;x;;;;;o;;;;;;;;;;;;;;
106;o;x;x;;;x;x;-;;-;;x;;;;;;;;;;;;;;
